--
-- PostgreSQL database dump
--

-- Dumped from database version 15.2
-- Dumped by pg_dump version 15.2

-- Started on 2023-04-23 09:59:41

SET statement_timeout = 0;
SET lock_timeout = 0;
SET idle_in_transaction_session_timeout = 0;
SET client_encoding = 'UTF8';
SET standard_conforming_strings = on;
SELECT pg_catalog.set_config('search_path', '', false);
SET check_function_bodies = false;
SET xmloption = content;
SET client_min_messages = warning;
SET row_security = off;

--
-- TOC entry 6 (class 2615 OID 17153)
-- Name: common; Type: SCHEMA; Schema: -; Owner: postgres
--

CREATE SCHEMA common;


ALTER SCHEMA common OWNER TO postgres;

SET default_tablespace = '';

SET default_table_access_method = heap;

--
-- TOC entry 215 (class 1259 OID 17154)
-- Name: messages; Type: TABLE; Schema: common; Owner: postgres
--

CREATE TABLE common.messages (
    id integer NOT NULL,
    room_id integer NOT NULL,
    user_id integer NOT NULL,
    message text,
    created_at timestamp with time zone DEFAULT now() NOT NULL,
    updated_at timestamp with time zone DEFAULT now() NOT NULL
);


ALTER TABLE common.messages OWNER TO postgres;

--
-- TOC entry 216 (class 1259 OID 17161)
-- Name: messages_id_seq; Type: SEQUENCE; Schema: common; Owner: postgres
--

ALTER TABLE common.messages ALTER COLUMN id ADD GENERATED ALWAYS AS IDENTITY (
    SEQUENCE NAME common.messages_id_seq
    START WITH 1
    INCREMENT BY 1
    NO MINVALUE
    NO MAXVALUE
    CACHE 1
);


--
-- TOC entry 220 (class 1259 OID 17189)
-- Name: rooms; Type: TABLE; Schema: common; Owner: postgres
--

CREATE TABLE common.rooms (
    id integer NOT NULL,
    name text,
    created_at timestamp with time zone DEFAULT now() NOT NULL,
    updated_at timestamp with time zone DEFAULT now() NOT NULL
);


ALTER TABLE common.rooms OWNER TO postgres;

--
-- TOC entry 219 (class 1259 OID 17188)
-- Name: rooms_id_seq; Type: SEQUENCE; Schema: common; Owner: postgres
--

ALTER TABLE common.rooms ALTER COLUMN id ADD GENERATED ALWAYS AS IDENTITY (
    SEQUENCE NAME common.rooms_id_seq
    START WITH 1
    INCREMENT BY 1
    NO MINVALUE
    NO MAXVALUE
    CACHE 1
);


--
-- TOC entry 218 (class 1259 OID 17177)
-- Name: users; Type: TABLE; Schema: common; Owner: postgres
--

CREATE TABLE common.users (
    id integer NOT NULL,
    email character varying(255) NOT NULL,
    password character varying(255),
    created_at timestamp with time zone DEFAULT now() NOT NULL,
    updated_at timestamp with time zone DEFAULT now() NOT NULL
);


ALTER TABLE common.users OWNER TO postgres;

--
-- TOC entry 217 (class 1259 OID 17176)
-- Name: users_id_seq; Type: SEQUENCE; Schema: common; Owner: postgres
--

ALTER TABLE common.users ALTER COLUMN id ADD GENERATED ALWAYS AS IDENTITY (
    SEQUENCE NAME common.users_id_seq
    START WITH 1
    INCREMENT BY 1
    NO MINVALUE
    NO MAXVALUE
    CACHE 1
);


--
-- TOC entry 3344 (class 0 OID 17154)
-- Dependencies: 215
-- Data for Name: messages; Type: TABLE DATA; Schema: common; Owner: postgres
--

COPY common.messages (id, room_id, user_id, message, created_at, updated_at) FROM stdin;
120	1	2	Hello	2023-04-12 22:11:09.179076+03	2023-04-12 22:11:09.179076+03
121	1	2	How are you?	2023-04-12 22:11:14.437913+03	2023-04-12 22:11:14.437913+03
122	1	2	Doing good.	2023-04-12 22:11:29.589809+03	2023-04-12 22:11:29.589809+03
123	1	2	What food do you have right now?	2023-04-12 22:11:48.904535+03	2023-04-12 22:11:48.904535+03
124	1	2	Nothing	2023-04-12 22:11:56.884052+03	2023-04-12 22:11:56.884052+03
127	2	4	Testing	2023-04-12 22:22:18.208451+03	2023-04-12 22:22:18.208451+03
128	2	4	Testing again	2023-04-12 22:22:30.47833+03	2023-04-12 22:22:30.47833+03
129	2	2	who is this guy?	2023-04-12 22:24:03.112028+03	2023-04-12 22:24:03.112028+03
130	2	2	I do not know	2023-04-12 22:24:09.236433+03	2023-04-12 22:24:09.236433+03
131	2	2	who is this guy?	2023-04-12 22:24:22.256628+03	2023-04-12 22:24:22.256628+03
132	2	2	I do not know	2023-04-12 22:24:26.358108+03	2023-04-12 22:24:26.358108+03
133	2	2	from test123@gmail.com	2023-04-12 22:25:11.769268+03	2023-04-12 22:25:11.769268+03
134	2	2	from test@gmail.com	2023-04-12 22:25:18.847465+03	2023-04-12 22:25:18.847465+03
135	2	2	from test123@gmail.com	2023-04-12 22:25:46.847713+03	2023-04-12 22:25:46.847713+03
136	2	2	from test@gmail.com	2023-04-12 22:25:49.818282+03	2023-04-12 22:25:49.818282+03
137	1	1	hi	2023-04-12 22:27:14.021782+03	2023-04-12 22:27:14.021782+03
138	1	1	hello	2023-04-12 22:27:18.955563+03	2023-04-12 22:27:18.955563+03
139	1	1	hi	2023-04-12 22:27:23.347509+03	2023-04-12 22:27:23.347509+03
140	1	1	hello	2023-04-12 22:27:26.828799+03	2023-04-12 22:27:26.828799+03
141	1	1	ping	2023-04-12 22:27:35.286016+03	2023-04-12 22:27:35.286016+03
142	1	1	pong	2023-04-12 22:27:37.449162+03	2023-04-12 22:27:37.449162+03
143	1	1	ping	2023-04-12 22:27:42.899299+03	2023-04-12 22:27:42.899299+03
144	1	1	pong	2023-04-12 22:27:44.235453+03	2023-04-12 22:27:44.235453+03
145	1	1	ping	2023-04-12 22:27:45.884157+03	2023-04-12 22:27:45.884157+03
146	1	1	pong	2023-04-12 22:27:48.562213+03	2023-04-12 22:27:48.562213+03
147	1	1	ping	2023-04-12 22:27:54.41722+03	2023-04-12 22:27:54.41722+03
148	1	1	pong	2023-04-12 22:27:57.153365+03	2023-04-12 22:27:57.153365+03
149	1	1	ping	2023-04-12 22:27:58.72388+03	2023-04-12 22:27:58.72388+03
150	1	1	pong	2023-04-12 22:27:59.285549+03	2023-04-12 22:27:59.285549+03
151	1	1	ping	2023-04-12 22:28:00.055123+03	2023-04-12 22:28:00.055123+03
152	1	1	ping	2023-04-12 22:28:00.385381+03	2023-04-12 22:28:00.385381+03
153	1	1	ping	2023-04-12 22:28:00.550317+03	2023-04-12 22:28:00.550317+03
154	1	1	ping	2023-04-12 22:28:00.709299+03	2023-04-12 22:28:00.709299+03
155	1	1	ping	2023-04-12 22:28:00.869265+03	2023-04-12 22:28:00.869265+03
156	1	1	ping	2023-04-12 22:28:01.023548+03	2023-04-12 22:28:01.023548+03
157	1	1	ping	2023-04-12 22:28:01.179425+03	2023-04-12 22:28:01.179425+03
158	1	1	ping	2023-04-12 22:28:01.335828+03	2023-04-12 22:28:01.335828+03
159	1	1	pong	2023-04-12 22:28:02.564435+03	2023-04-12 22:28:02.564435+03
160	1	1	pong	2023-04-12 22:28:02.724217+03	2023-04-12 22:28:02.724217+03
161	1	1	pong	2023-04-12 22:28:02.886265+03	2023-04-12 22:28:02.886265+03
162	1	1	pong	2023-04-12 22:28:03.053603+03	2023-04-12 22:28:03.053603+03
163	1	1	pong	2023-04-12 22:28:03.208383+03	2023-04-12 22:28:03.208383+03
164	1	1	pong	2023-04-12 22:28:03.365407+03	2023-04-12 22:28:03.365407+03
165	1	1	pong	2023-04-12 22:28:03.825259+03	2023-04-12 22:28:03.825259+03
166	1	1	pong	2023-04-12 22:28:03.99141+03	2023-04-12 22:28:03.99141+03
167	1	1	pong	2023-04-12 22:28:04.156388+03	2023-04-12 22:28:04.156388+03
168	1	1	pong	2023-04-12 22:28:04.319763+03	2023-04-12 22:28:04.319763+03
169	1	1	pong	2023-04-12 22:28:04.482198+03	2023-04-12 22:28:04.482198+03
170	1	1	ping	2023-04-12 22:33:48.316384+03	2023-04-12 22:33:48.316384+03
171	1	2	pong	2023-04-12 22:33:51.6103+03	2023-04-12 22:33:51.6103+03
172	1	1	ping	2023-04-12 22:34:01.968852+03	2023-04-12 22:34:01.968852+03
173	1	2	pong	2023-04-12 22:34:04.309248+03	2023-04-12 22:34:04.309248+03
174	1	1	ping	2023-04-12 22:34:11.084156+03	2023-04-12 22:34:11.084156+03
175	1	2	pong	2023-04-12 22:34:11.918854+03	2023-04-12 22:34:11.918854+03
176	1	2	ping	2023-04-12 22:34:57.085427+03	2023-04-12 22:34:57.085427+03
177	1	1	pong	2023-04-12 22:35:00.560731+03	2023-04-12 22:35:00.560731+03
178	1	2	a	2023-04-12 22:37:12.494707+03	2023-04-12 22:37:12.494707+03
179	1	1	b	2023-04-12 22:37:18.894891+03	2023-04-12 22:37:18.894891+03
180	1	2	ab	2023-04-12 22:37:24.001221+03	2023-04-12 22:37:24.001221+03
181	1	1	bc	2023-04-12 22:37:24.91926+03	2023-04-12 22:37:24.91926+03
182	1	1	bc	2023-04-12 22:37:33.969201+03	2023-04-12 22:37:33.969201+03
183	1	1	bccd	2023-04-12 22:37:38.027953+03	2023-04-12 22:37:38.027953+03
184	1	1	bccd	2023-04-12 22:37:56.632225+03	2023-04-12 22:37:56.632225+03
185	1	1	bccd new	2023-04-12 22:38:00.527645+03	2023-04-12 22:38:00.527645+03
186	1	1	sending message trial	2023-04-15 03:39:04.151401+03	2023-04-15 03:39:04.151401+03
187	1	1	sending from cr1	2023-04-15 03:39:56.844008+03	2023-04-15 03:39:56.844008+03
188	1	1	sending from cr1	2023-04-15 03:40:27.241926+03	2023-04-15 03:40:27.241926+03
189	1	2	sending from cr2	2023-04-15 03:40:46.875674+03	2023-04-15 03:40:46.875674+03
190	1	1	sending from cr1 1	2023-04-15 03:41:02.651933+03	2023-04-15 03:41:02.651933+03
191	1	12	hello all	2023-04-22 15:18:05.044506+03	2023-04-22 15:18:05.044506+03
192	1	15	hey	2023-04-23 05:57:02.66324+03	2023-04-23 05:57:02.66324+03
193	1	15	t	2023-04-23 05:59:02.242489+03	2023-04-23 05:59:02.242489+03
194	1	15	tzzazaasdazaasdadasadadasdasda	2023-04-23 05:59:24.253244+03	2023-04-23 05:59:24.253244+03
195	1	15	11231	2023-04-23 06:04:04.16601+03	2023-04-23 06:04:04.16601+03
196	1	15	test	2023-04-23 06:05:17.644594+03	2023-04-23 06:05:17.644594+03
197	1	1	asda ok	2023-04-23 06:06:54.513572+03	2023-04-23 06:06:54.513572+03
198	1	16	helloooooooo	2023-04-23 06:11:03.894732+03	2023-04-23 06:11:03.894732+03
199	1	17	I am ahmad	2023-04-23 06:11:37.765299+03	2023-04-23 06:11:37.765299+03
200	1	16	helloooooooo ahmad	2023-04-23 06:11:42.803087+03	2023-04-23 06:11:42.803087+03
201	1	17	I am ahmad stokes	2023-04-23 06:11:56.484636+03	2023-04-23 06:11:56.484636+03
202	1	16	I dont give a shit ok	2023-04-23 06:12:05.189601+03	2023-04-23 06:12:05.189601+03
203	1	17	msg from ahmad	2023-04-23 06:14:21.489751+03	2023-04-23 06:14:21.489751+03
204	1	16	msg from dahlia	2023-04-23 06:14:32.329712+03	2023-04-23 06:14:32.329712+03
205	2	18	from liana	2023-04-23 06:15:42.261861+03	2023-04-23 06:15:42.261861+03
206	2	19	from jean	2023-04-23 06:15:48.075901+03	2023-04-23 06:15:48.075901+03
207	2	18	from liana	2023-04-23 06:16:50.863819+03	2023-04-23 06:16:50.863819+03
208	1	20	msg from juliana	2023-04-23 06:17:55.96871+03	2023-04-23 06:17:55.96871+03
209	1	17	msg from ahmad	2023-04-23 06:18:04.339507+03	2023-04-23 06:18:04.339507+03
210	1	17	s	2023-04-23 06:19:59.336865+03	2023-04-23 06:19:59.336865+03
211	1	17	sz	2023-04-23 06:20:05.373652+03	2023-04-23 06:20:05.373652+03
212	1	20	from juliana	2023-04-23 06:21:00.318171+03	2023-04-23 06:21:00.318171+03
213	1	17	from ahmad	2023-04-23 06:21:10.082915+03	2023-04-23 06:21:10.082915+03
214	1	20	from juliana	2023-04-23 06:24:00.731264+03	2023-04-23 06:24:00.731264+03
215	1	17	from ahmad	2023-04-23 06:24:14.987996+03	2023-04-23 06:24:14.987996+03
216	1	17	from ahmad	2023-04-23 06:24:19.857813+03	2023-04-23 06:24:19.857813+03
217	1	17	from ahmad	2023-04-23 06:24:21.371161+03	2023-04-23 06:24:21.371161+03
218	1	17	from ahmad	2023-04-23 06:24:22.871432+03	2023-04-23 06:24:22.871432+03
219	1	17	from ahmad	2023-04-23 06:24:24.54716+03	2023-04-23 06:24:24.54716+03
220	1	17	from ahmad	2023-04-23 06:24:25.411796+03	2023-04-23 06:24:25.411796+03
221	1	17	from ahmad	2023-04-23 06:24:25.925912+03	2023-04-23 06:24:25.925912+03
222	1	17	from ahmad	2023-04-23 06:24:26.333768+03	2023-04-23 06:24:26.333768+03
223	1	17	from ahmad	2023-04-23 06:24:26.726676+03	2023-04-23 06:24:26.726676+03
224	1	17	from ahmad	2023-04-23 06:24:27.147696+03	2023-04-23 06:24:27.147696+03
225	1	17	from ahmad	2023-04-23 06:24:27.562736+03	2023-04-23 06:24:27.562736+03
226	1	17	from ahmad	2023-04-23 06:24:28.012787+03	2023-04-23 06:24:28.012787+03
227	1	17	from ahmad	2023-04-23 06:24:28.448512+03	2023-04-23 06:24:28.448512+03
228	1	17	from ahmad	2023-04-23 06:24:28.881691+03	2023-04-23 06:24:28.881691+03
229	1	17	from ahmad	2023-04-23 06:24:29.34281+03	2023-04-23 06:24:29.34281+03
230	1	17	from ahmad	2023-04-23 06:24:29.803462+03	2023-04-23 06:24:29.803462+03
231	1	17	from ahmad	2023-04-23 06:24:30.228028+03	2023-04-23 06:24:30.228028+03
232	1	17	from ahmad	2023-04-23 06:24:30.713446+03	2023-04-23 06:24:30.713446+03
233	1	17	from ahmad	2023-04-23 06:24:50.013542+03	2023-04-23 06:24:50.013542+03
234	1	17	from ahmad	2023-04-23 06:24:50.818358+03	2023-04-23 06:24:50.818358+03
235	1	17	from ahmad	2023-04-23 06:24:51.478839+03	2023-04-23 06:24:51.478839+03
236	1	17	from ahmad	2023-04-23 06:24:52.248861+03	2023-04-23 06:24:52.248861+03
237	1	17	from ahmad	2023-04-23 06:24:52.869378+03	2023-04-23 06:24:52.869378+03
238	1	17	from ahmad	2023-04-23 06:24:53.647611+03	2023-04-23 06:24:53.647611+03
239	1	17	from ahmad	2023-04-23 06:24:54.337364+03	2023-04-23 06:24:54.337364+03
240	1	17	from ahmad	2023-04-23 06:24:55.252277+03	2023-04-23 06:24:55.252277+03
241	1	17	from ahmad	2023-04-23 06:24:56.10257+03	2023-04-23 06:24:56.10257+03
242	1	17	from ahmad	2023-04-23 06:24:57.173063+03	2023-04-23 06:24:57.173063+03
243	1	17	from ahmad	2023-04-23 06:24:57.898387+03	2023-04-23 06:24:57.898387+03
244	1	20	a	2023-04-23 06:26:51.958133+03	2023-04-23 06:26:51.958133+03
245	1	20	a	2023-04-23 06:26:52.537256+03	2023-04-23 06:26:52.537256+03
246	1	20	a	2023-04-23 06:26:53.204825+03	2023-04-23 06:26:53.204825+03
247	1	20	a	2023-04-23 06:26:53.446854+03	2023-04-23 06:26:53.446854+03
248	1	17	a	2023-04-23 06:26:58.631249+03	2023-04-23 06:26:58.631249+03
249	1	17	a	2023-04-23 06:26:59.220942+03	2023-04-23 06:26:59.220942+03
250	1	17	a	2023-04-23 06:26:59.799426+03	2023-04-23 06:26:59.799426+03
251	1	17	a	2023-04-23 06:27:00.114041+03	2023-04-23 06:27:00.114041+03
252	1	17	a	2023-04-23 06:27:00.633281+03	2023-04-23 06:27:00.633281+03
253	1	17	a	2023-04-23 06:27:01.302276+03	2023-04-23 06:27:01.302276+03
254	1	17	azdasda	2023-04-23 06:27:02.43038+03	2023-04-23 06:27:02.43038+03
255	1	17	azdasdaasda	2023-04-23 06:27:03.53607+03	2023-04-23 06:27:03.53607+03
256	1	17	azdasdaasdaasda	2023-04-23 06:27:04.417199+03	2023-04-23 06:27:04.417199+03
257	1	17	zzz	2023-04-23 06:27:11.912654+03	2023-04-23 06:27:11.912654+03
258	1	17	zzzz	2023-04-23 06:27:13.105068+03	2023-04-23 06:27:13.105068+03
259	1	17	testing	2023-04-23 06:27:16.620695+03	2023-04-23 06:27:16.620695+03
260	1	17	testing	2023-04-23 06:27:40.571203+03	2023-04-23 06:27:40.571203+03
261	1	17	zzz	2023-04-23 06:27:44.449359+03	2023-04-23 06:27:44.449359+03
262	1	17	zzzc	2023-04-23 06:27:51.031644+03	2023-04-23 06:27:51.031644+03
263	1	17	new message	2023-04-23 06:28:46.122791+03	2023-04-23 06:28:46.122791+03
264	1	17	new message now	2023-04-23 06:29:25.234701+03	2023-04-23 06:29:25.234701+03
265	1	17	new message now	2023-04-23 06:29:27.22394+03	2023-04-23 06:29:27.22394+03
266	1	17	new message now	2023-04-23 06:29:27.833433+03	2023-04-23 06:29:27.833433+03
267	1	17	new message now	2023-04-23 06:29:28.176002+03	2023-04-23 06:29:28.176002+03
268	1	20	I am fucked today	2023-04-23 06:29:34.658766+03	2023-04-23 06:29:34.658766+03
269	1	17	But why?	2023-04-23 06:29:40.226186+03	2023-04-23 06:29:40.226186+03
270	1	20	Well I cant explain	2023-04-23 06:30:07.042621+03	2023-04-23 06:30:07.042621+03
271	1	17	zz	2023-04-23 06:31:07.530066+03	2023-04-23 06:31:07.530066+03
272	1	17	try mate	2023-04-23 06:31:12.655985+03	2023-04-23 06:31:12.655985+03
273	1	17	something went wrong with my message	2023-04-23 06:31:21.320022+03	2023-04-23 06:31:21.320022+03
274	1	20	I did not receive	2023-04-23 06:32:39.390927+03	2023-04-23 06:32:39.390927+03
275	1	17	ok	2023-04-23 06:32:46.068093+03	2023-04-23 06:32:46.068093+03
276	1	21	lol	2023-04-23 07:30:50.510607+03	2023-04-23 07:30:50.510607+03
277	1	2	Hello weber	2023-04-23 07:33:15.478595+03	2023-04-23 07:33:15.478595+03
278	1	22	hey	2023-04-23 07:33:25.665062+03	2023-04-23 07:33:25.665062+03
279	1	21	hello	2023-04-23 08:07:40.211279+03	2023-04-23 08:07:40.211279+03
280	1	24	halu	2023-04-23 08:07:40.41051+03	2023-04-23 08:07:40.41051+03
281	1	21	asan ka	2023-04-23 08:07:49.575004+03	2023-04-23 08:07:49.575004+03
282	1	24	dito na me	2023-04-23 08:07:54.173987+03	2023-04-23 08:07:54.173987+03
283	1	21	abaaa	2023-04-23 08:07:57.471815+03	2023-04-23 08:07:57.471815+03
284	1	24	wer na u	2023-04-23 08:08:00.967399+03	2023-04-23 08:08:00.967399+03
285	1	21	ok lets go	2023-04-23 08:08:08.288061+03	2023-04-23 08:08:08.288061+03
286	1	24	ridi na me	2023-04-23 08:08:08.63653+03	2023-04-23 08:08:08.63653+03
287	1	24	arf arf	2023-04-23 08:08:12.521775+03	2023-04-23 08:08:12.521775+03
288	1	21	woof woof 	2023-04-23 08:08:18.342631+03	2023-04-23 08:08:18.342631+03
289	2	21	hello	2023-04-23 08:08:28.495898+03	2023-04-23 08:08:28.495898+03
290	2	24	hi	2023-04-23 08:08:28.870255+03	2023-04-23 08:08:28.870255+03
\.


--
-- TOC entry 3349 (class 0 OID 17189)
-- Dependencies: 220
-- Data for Name: rooms; Type: TABLE DATA; Schema: common; Owner: postgres
--

COPY common.rooms (id, name, created_at, updated_at) FROM stdin;
1	Test room	2023-04-12 22:16:35.173538+03	2023-04-12 22:16:35.173538+03
2	Test room 2	2023-04-12 22:16:41.183838+03	2023-04-12 22:16:41.183838+03
\.


--
-- TOC entry 3347 (class 0 OID 17177)
-- Dependencies: 218
-- Data for Name: users; Type: TABLE DATA; Schema: common; Owner: postgres
--

COPY common.users (id, email, password, created_at, updated_at) FROM stdin;
1	test@gmail.com	123	2023-04-05 02:06:36.908929+03	2023-04-05 02:06:36.908929+03
2	test123@gmail.com	123	2023-04-05 02:06:36.908929+03	2023-04-05 02:06:36.908929+03
3	test1234@gmail.com	123	2023-04-05 02:06:36.908929+03	2023-04-05 02:06:36.908929+03
4	random123@email.com	123	2023-04-10 04:21:42.345698+03	2023-04-10 04:21:42.345698+03
5	random-test@email.com	123	2023-04-10 04:32:32.120856+03	2023-04-10 04:32:32.120856+03
7	rem@email.com	123	2023-04-12 22:55:05.78717+03	2023-04-12 22:55:05.78717+03
8	kim@email.com	123	2023-04-12 22:55:10.266447+03	2023-04-12 22:55:10.266447+03
10	Carolanne.Anderson		2023-04-22 13:57:50.574537+03	2023-04-22 13:57:50.574537+03
11	Colten97		2023-04-22 13:59:10.876887+03	2023-04-22 13:59:10.876887+03
12	Arnold76		2023-04-22 15:17:34.864112+03	2023-04-22 15:17:34.864112+03
13	Leland_Auer4		2023-04-22 15:18:13.114775+03	2023-04-22 15:18:13.114775+03
14	Gertrude.Turner24		2023-04-23 05:17:09.908547+03	2023-04-23 05:17:09.908547+03
15	Providenci.Kohler		2023-04-23 05:38:06.326738+03	2023-04-23 05:38:06.326738+03
16	Dahlia62		2023-04-23 06:10:54.649306+03	2023-04-23 06:10:54.649306+03
17	Ahmad_Stokes		2023-04-23 06:11:29.112637+03	2023-04-23 06:11:29.112637+03
18	Liliana_Leannon84		2023-04-23 06:15:32.038399+03	2023-04-23 06:15:32.038399+03
19	Jean_Stoltenberg39		2023-04-23 06:15:32.828122+03	2023-04-23 06:15:32.828122+03
20	Juliana.Weimann0		2023-04-23 06:17:44.478809+03	2023-04-23 06:17:44.478809+03
21	Dorris.Metz60		2023-04-23 07:30:35.651615+03	2023-04-23 07:30:35.651615+03
22	Corine.Weber		2023-04-23 07:33:05.275097+03	2023-04-23 07:33:05.275097+03
23	Cullen.Jacobs		2023-04-23 07:36:42.795177+03	2023-04-23 07:36:42.795177+03
24	Carmelo9		2023-04-23 08:07:31.211596+03	2023-04-23 08:07:31.211596+03
\.


--
-- TOC entry 3355 (class 0 OID 0)
-- Dependencies: 216
-- Name: messages_id_seq; Type: SEQUENCE SET; Schema: common; Owner: postgres
--

SELECT pg_catalog.setval('common.messages_id_seq', 290, true);


--
-- TOC entry 3356 (class 0 OID 0)
-- Dependencies: 219
-- Name: rooms_id_seq; Type: SEQUENCE SET; Schema: common; Owner: postgres
--

SELECT pg_catalog.setval('common.rooms_id_seq', 2, true);


--
-- TOC entry 3357 (class 0 OID 0)
-- Dependencies: 217
-- Name: users_id_seq; Type: SEQUENCE SET; Schema: common; Owner: postgres
--

SELECT pg_catalog.setval('common.users_id_seq', 24, true);


--
-- TOC entry 3193 (class 2606 OID 17160)
-- Name: messages messages_pkey; Type: CONSTRAINT; Schema: common; Owner: postgres
--

ALTER TABLE ONLY common.messages
    ADD CONSTRAINT messages_pkey PRIMARY KEY (id);


--
-- TOC entry 3199 (class 2606 OID 17197)
-- Name: rooms rooms_pkey; Type: CONSTRAINT; Schema: common; Owner: postgres
--

ALTER TABLE ONLY common.rooms
    ADD CONSTRAINT rooms_pkey PRIMARY KEY (id);


--
-- TOC entry 3195 (class 2606 OID 17187)
-- Name: users users_email_key; Type: CONSTRAINT; Schema: common; Owner: postgres
--

ALTER TABLE ONLY common.users
    ADD CONSTRAINT users_email_key UNIQUE (email);


--
-- TOC entry 3197 (class 2606 OID 17185)
-- Name: users users_pkey; Type: CONSTRAINT; Schema: common; Owner: postgres
--

ALTER TABLE ONLY common.users
    ADD CONSTRAINT users_pkey PRIMARY KEY (id);


--
-- TOC entry 3190 (class 1259 OID 17203)
-- Name: fki_room_fkey; Type: INDEX; Schema: common; Owner: postgres
--

CREATE INDEX fki_room_fkey ON common.messages USING btree (room_id);


--
-- TOC entry 3191 (class 1259 OID 17209)
-- Name: fki_user_fkey; Type: INDEX; Schema: common; Owner: postgres
--

CREATE INDEX fki_user_fkey ON common.messages USING btree (user_id);


--
-- TOC entry 3200 (class 2606 OID 17198)
-- Name: messages room_fkey; Type: FK CONSTRAINT; Schema: common; Owner: postgres
--

ALTER TABLE ONLY common.messages
    ADD CONSTRAINT room_fkey FOREIGN KEY (room_id) REFERENCES common.rooms(id) NOT VALID;


--
-- TOC entry 3201 (class 2606 OID 17204)
-- Name: messages user_fkey; Type: FK CONSTRAINT; Schema: common; Owner: postgres
--

ALTER TABLE ONLY common.messages
    ADD CONSTRAINT user_fkey FOREIGN KEY (user_id) REFERENCES common.users(id) NOT VALID;


-- Completed on 2023-04-23 09:59:41

--
-- PostgreSQL database dump complete
--

